Algorithm,Seed,Dataset,Ratio,K,Fitness,Distancia,Incumplimiento,Evaluaciones,Time_ms
RandomSearch,12345,./code/data/zoo,15,7,1.91747,1.61242,0.0828313,100000,479
Greedy,12345,./code/data/zoo,15,7,1.47324,1.4677,0.00150602,1,2
LocalSearch,12345,./code/data/zoo,15,7,1.08249,0.977111,0.0286145,4779,11
RandomSearch,67890,./code/data/zoo,15,7,1.93481,1.56875,0.0993976,100000,508
Greedy,67890,./code/data/zoo,15,7,1.50518,1.49409,0.00301205,1,2
LocalSearch,67890,./code/data/zoo,15,7,1.0655,0.949025,0.0316265,5914,12
RandomSearch,13579,./code/data/zoo,15,7,1.92324,1.40189,0.141566,100000,435
Greedy,13579,./code/data/zoo,15,7,1.5246,1.5246,0.0,1,2
LocalSearch,13579,./code/data/zoo,15,7,1.03543,0.852402,0.0496988,4624,9
RandomSearch,24680,./code/data/zoo,15,7,1.92232,1.584,0.0918675,100000,417
Greedy,24680,./code/data/zoo,15,7,1.4915,1.48596,0.00150602,1,2
LocalSearch,24680,./code/data/zoo,15,7,1.11477,0.904011,0.0572289,8009,13
RandomSearch,98765,./code/data/zoo,15,7,1.94594,1.55216,0.106928,100000,392
Greedy,98765,./code/data/zoo,15,7,1.48775,1.4822,0.00150602,1,2
LocalSearch,98765,./code/data/zoo,15,7,1.1356,1.04686,0.0240964,6041,10
RandomSearch,43210,./code/data/zoo,15,7,1.92841,1.60118,0.0888554,100000,392
Greedy,43210,./code/data/zoo,15,7,1.4902,1.47911,0.00301205,1,2
LocalSearch,43210,./code/data/zoo,15,7,1.11248,0.946096,0.0451807,5482,9
RandomSearch,10293,./code/data/zoo,15,7,1.93368,1.56763,0.0993976,100000,410
Greedy,10293,./code/data/zoo,15,7,1.5402,1.52911,0.00301205,1,2
LocalSearch,10293,./code/data/zoo,15,7,1.1014,0.946101,0.0421687,5798,12
RandomSearch,84756,./code/data/zoo,15,7,1.94422,1.61698,0.0888554,100000,521
Greedy,84756,./code/data/zoo,15,7,1.56444,1.55335,0.00301205,1,2
LocalSearch,84756,./code/data/zoo,15,7,1.0961,1.00181,0.0256024,7073,14
RandomSearch,97531,./code/data/zoo,15,7,1.91356,1.56414,0.0948795,100000,462
Greedy,97531,./code/data/zoo,15,7,1.51146,1.49482,0.00451807,1,2
LocalSearch,97531,./code/data/zoo,15,7,1.14049,0.974099,0.0451807,7628,14
RandomSearch,8642,./code/data/zoo,15,7,1.95425,1.59929,0.0963855,100000,428
Greedy,8642,./code/data/zoo,15,7,1.47891,1.46227,0.00451807,1,3
LocalSearch,8642,./code/data/zoo,15,7,1.0383,0.894094,0.0391566,6668,12
RandomSearch,12345,./code/data/zoo,30,7,1.94905,1.54701,0.109167,100000,498
Greedy,12345,./code/data/zoo,30,7,1.74116,1.63292,0.0293912,1,8
LocalSearch,12345,./code/data/zoo,30,7,1.16167,0.785413,0.102169,10357,24
RandomSearch,67890,./code/data/zoo,30,7,1.93328,1.43331,0.135759,100000,517
Greedy,67890,./code/data/zoo,30,7,1.69448,1.58366,0.030091,1,3
LocalSearch,67890,./code/data/zoo,30,7,1.22419,0.878858,0.0937719,4293,10
RandomSearch,13579,./code/data/zoo,30,7,1.97302,1.36224,0.16585,100000,481
Greedy,13579,./code/data/zoo,30,7,1.72425,1.60055,0.0335899,1,3
LocalSearch,13579,./code/data/zoo,30,7,1.19927,0.884856,0.0853744,5626,13
RandomSearch,24680,./code/data/zoo,30,7,1.99511,1.60597,0.105668,100000,470
Greedy,24680,./code/data/zoo,30,7,1.66736,1.5617,0.0286914,1,5
LocalSearch,24680,./code/data/zoo,30,7,1.17862,0.861637,0.0860742,7443,17
RandomSearch,98765,./code/data/zoo,30,7,1.97408,1.38649,0.159552,100000,483
Greedy,98765,./code/data/zoo,30,7,1.73751,1.59835,0.0377887,1,5
LocalSearch,98765,./code/data/zoo,30,7,1.20918,0.946308,0.0713786,6214,15
RandomSearch,43210,./code/data/zoo,30,7,1.95026,1.53534,0.112666,100000,473
Greedy,43210,./code/data/zoo,30,7,1.75694,1.63066,0.0342897,1,3
LocalSearch,43210,./code/data/zoo,30,7,1.19625,0.912766,0.0769769,5820,14
RandomSearch,10293,./code/data/zoo,30,7,1.98644,1.5406,0.121064,100000,477
Greedy,10293,./code/data/zoo,30,7,1.71374,1.60293,0.030091,1,4
LocalSearch,10293,./code/data/zoo,30,7,1.19039,0.863093,0.0888733,5184,12
RandomSearch,84756,./code/data/zoo,30,7,1.96586,1.52775,0.118964,100000,483
Greedy,84756,./code/data/zoo,30,7,1.7497,1.626,0.0335899,1,3
LocalSearch,84756,./code/data/zoo,30,7,1.16652,0.800568,0.0993702,5339,13
RandomSearch,97531,./code/data/zoo,30,7,1.97882,1.58194,0.107768,100000,487
Greedy,97531,./code/data/zoo,30,7,1.71288,1.59433,0.0321903,1,6
LocalSearch,97531,./code/data/zoo,30,7,1.17063,0.799519,0.10077,6872,16
RandomSearch,8642,./code/data/zoo,30,7,1.98715,1.52842,0.124563,100000,475
Greedy,8642,./code/data/zoo,30,7,1.67098,1.56532,0.0286914,1,4
LocalSearch,8642,./code/data/zoo,30,7,1.27118,0.979967,0.0790763,4864,11
RandomSearch,12345,./code/data/glass,15,7,0.675226,0.432259,0.11394,100000,919
Greedy,12345,./code/data/glass,15,7,0.49776,0.42957,0.0319776,1,28
LocalSearch,12345,./code/data/glass,15,7,0.398479,0.30447,0.0440857,15040,76
RandomSearch,67890,./code/data/glass,15,7,0.681575,0.43265,0.116734,100000,923
Greedy,67890,./code/data/glass,15,7,0.492134,0.431227,0.0285626,1,23
LocalSearch,67890,./code/data/glass,15,7,0.403075,0.297149,0.049674,11732,56
RandomSearch,13579,./code/data/glass,15,7,0.678552,0.42102,0.12077,100000,928
Greedy,13579,./code/data/glass,15,7,0.489027,0.430106,0.0276312,1,25
LocalSearch,13579,./code/data/glass,15,7,0.399575,0.294311,0.0493636,13839,60
RandomSearch,24680,./code/data/glass,15,7,0.681252,0.426368,0.119528,100000,842
Greedy,24680,./code/data/glass,15,7,0.490715,0.423849,0.0313567,1,21
LocalSearch,24680,./code/data/glass,15,7,0.407064,0.310407,0.0453275,16032,67
RandomSearch,98765,./code/data/glass,15,7,0.678824,0.434533,0.114561,100000,810
Greedy,98765,./code/data/glass,15,7,0.48119,0.423593,0.0270102,1,30
LocalSearch,98765,./code/data/glass,15,7,0.40599,0.310657,0.0447066,13429,55
RandomSearch,43210,./code/data/glass,15,7,0.682147,0.423954,0.12108,100000,822
Greedy,43210,./code/data/glass,15,7,0.485779,0.433478,0.0245265,1,24
LocalSearch,43210,./code/data/glass,15,7,0.401586,0.296985,0.0490531,20878,85
RandomSearch,10293,./code/data/glass,15,7,0.673518,0.427903,0.115182,100000,813
Greedy,10293,./code/data/glass,15,7,0.484598,0.427,0.0270102,1,27
LocalSearch,10293,./code/data/glass,15,7,0.401961,0.295373,0.0499845,16134,67
RandomSearch,84756,./code/data/glass,15,7,0.67764,0.429377,0.116423,100000,814
Greedy,84756,./code/data/glass,15,7,0.492099,0.429205,0.0294939,1,24
LocalSearch,84756,./code/data/glass,15,7,0.412199,0.312232,0.0468799,13049,57
RandomSearch,97531,./code/data/glass,15,7,0.68497,0.436707,0.116423,100000,814
Greedy,97531,./code/data/glass,15,7,0.475764,0.420815,0.0257684,1,21
LocalSearch,97531,./code/data/glass,15,7,0.395152,0.302467,0.0434648,25785,106
RandomSearch,8642,./code/data/glass,15,7,0.68205,0.423857,0.12108,100000,972
Greedy,8642,./code/data/glass,15,7,0.49083,0.427275,0.0298044,1,26
LocalSearch,8642,./code/data/glass,15,7,0.415962,0.312685,0.0484322,16707,74
RandomSearch,12345,./code/data/glass,30,7,0.699567,0.424323,0.129076,100000,1253
Greedy,12345,./code/data/glass,30,7,0.559667,0.425409,0.0629602,1,68
LocalSearch,12345,./code/data/glass,30,7,0.46395,0.289961,0.0815928,16787,116
RandomSearch,67890,./code/data/glass,30,7,0.698154,0.424193,0.128475,100000,1647
Greedy,67890,./code/data/glass,30,7,0.557251,0.429723,0.0598047,1,103
LocalSearch,67890,./code/data/glass,30,7,0.470569,0.285365,0.086852,20190,154
RandomSearch,13579,./code/data/glass,30,7,0.694423,0.426229,0.12577,100000,1290
Greedy,13579,./code/data/glass,30,7,0.566427,0.43249,0.0628099,1,52
LocalSearch,13579,./code/data/glass,30,7,0.469702,0.291546,0.0835462,16914,122
RandomSearch,24680,./code/data/glass,30,7,0.697165,0.422241,0.128926,100000,1404
Greedy,24680,./code/data/glass,30,7,0.552492,0.418235,0.0629602,1,61
LocalSearch,24680,./code/data/glass,30,7,0.469183,0.287503,0.0851991,17693,128
RandomSearch,98765,./code/data/glass,30,7,0.692887,0.416042,0.129827,100000,1240
Greedy,98765,./code/data/glass,30,7,0.547655,0.417884,0.0608565,1,63
LocalSearch,98765,./code/data/glass,30,7,0.465824,0.28094,0.0867017,12433,88
RandomSearch,43210,./code/data/glass,30,7,0.697998,0.425639,0.127724,100000,1285
Greedy,43210,./code/data/glass,30,7,0.55597,0.422674,0.0625094,1,74
LocalSearch,43210,./code/data/glass,30,7,0.470627,0.281257,0.0888054,24279,201
RandomSearch,10293,./code/data/glass,30,7,0.699935,0.417322,0.132532,100000,1514
Greedy,10293,./code/data/glass,30,7,0.561867,0.427609,0.0629602,1,62
LocalSearch,10293,./code/data/glass,30,7,0.464972,0.287457,0.0832457,18955,156
RandomSearch,84756,./code/data/glass,30,7,0.695281,0.420998,0.128625,100000,1453
Greedy,84756,./code/data/glass,30,7,0.562847,0.429551,0.0625094,1,59
LocalSearch,84756,./code/data/glass,30,7,0.473821,0.281246,0.090308,9277,102
RandomSearch,97531,./code/data/glass,30,7,0.694948,0.418423,0.129677,100000,1486
Greedy,97531,./code/data/glass,30,7,0.569899,0.430194,0.0655147,1,51
LocalSearch,97531,./code/data/glass,30,7,0.471239,0.290199,0.0848986,19765,132
RandomSearch,8642,./code/data/glass,30,7,0.697328,0.418239,0.130879,100000,1212
Greedy,8642,./code/data/glass,30,7,0.557618,0.424962,0.0622089,1,44
LocalSearch,8642,./code/data/glass,30,7,0.462053,0.286141,0.0824944,23021,153
RandomSearch,12345,./code/data/bupa,15,16,0.329233,0.248861,0.053251,100000,1658
Greedy,12345,./code/data/bupa,15,16,0.239318,0.238615,0.000466092,1,344
LocalSearch,12345,./code/data/bupa,15,16,0.171752,0.146427,0.0167793,51647,466
RandomSearch,67890,./code/data/bupa,15,16,0.325443,0.246126,0.0525519,100000,1630
Greedy,67890,./code/data/bupa,15,16,0.243914,0.241804,0.00139828,1,282
LocalSearch,67890,./code/data/bupa,15,16,0.170694,0.143258,0.0181776,64588,549
RandomSearch,13579,./code/data/bupa,15,16,0.328414,0.245052,0.0552319,100000,1611
Greedy,13579,./code/data/bupa,15,16,0.236721,0.235841,0.000582615,1,305
LocalSearch,13579,./code/data/bupa,15,16,0.175213,0.148657,0.017595,58102,511
RandomSearch,24680,./code/data/bupa,15,16,0.328083,0.247359,0.053484,100000,1630
Greedy,24680,./code/data/bupa,15,16,0.238263,0.23756,0.000466092,1,283
LocalSearch,24680,./code/data/bupa,15,16,0.170755,0.143671,0.0179445,92811,780
RandomSearch,98765,./code/data/bupa,15,16,0.328374,0.249057,0.0525519,100000,1641
Greedy,98765,./code/data/bupa,15,16,0.238435,0.237907,0.000349569,1,360
LocalSearch,98765,./code/data/bupa,15,16,0.167368,0.140987,0.0174784,85670,714
RandomSearch,43210,./code/data/bupa,15,16,0.328149,0.249535,0.0520858,100000,1621
Greedy,43210,./code/data/bupa,15,16,0.240195,0.238964,0.000815661,1,284
LocalSearch,43210,./code/data/bupa,15,16,0.16794,0.143142,0.0164297,100000,852
RandomSearch,10293,./code/data/bupa,15,16,0.328813,0.247209,0.0540667,100000,2010
Greedy,10293,./code/data/bupa,15,16,0.241277,0.239871,0.000932184,1,428
LocalSearch,10293,./code/data/bupa,15,16,0.170106,0.143198,0.017828,91261,792
RandomSearch,84756,./code/data/bupa,15,16,0.329327,0.249658,0.0527849,100000,1603
Greedy,84756,./code/data/bupa,15,16,0.239064,0.238009,0.000699138,1,392
LocalSearch,84756,./code/data/bupa,15,16,0.167613,0.138594,0.0192263,92584,754
RandomSearch,97531,./code/data/bupa,15,16,0.328546,0.248526,0.0530179,100000,1587
Greedy,97531,./code/data/bupa,15,16,0.238893,0.238717,0.000116523,1,301
LocalSearch,97531,./code/data/bupa,15,16,0.170064,0.145091,0.0165463,100000,817
RandomSearch,8642,./code/data/bupa,15,16,0.329434,0.24783,0.0540667,100000,1811
Greedy,8642,./code/data/bupa,15,16,0.2442,0.242969,0.000815661,1,283
LocalSearch,8642,./code/data/bupa,15,16,0.17002,0.143816,0.0173619,88603,870
RandomSearch,12345,./code/data/bupa,30,16,0.333905,0.244686,0.0591125,100000,2652
Greedy,12345,./code/data/bupa,30,16,0.268263,0.247833,0.0135359,1,779
LocalSearch,12345,./code/data/bupa,30,16,0.1993,0.147062,0.0346108,72805,1302
RandomSearch,67890,./code/data/bupa,30,16,0.334715,0.24972,0.0563139,100000,3682
Greedy,67890,./code/data/bupa,30,16,0.266351,0.246008,0.0134788,1,772
LocalSearch,67890,./code/data/bupa,30,16,0.196185,0.143084,0.0351819,83607,1657
RandomSearch,13579,./code/data/bupa,30,16,0.333373,0.244412,0.0589411,100000,2693
Greedy,13579,./code/data/bupa,30,16,0.264893,0.24567,0.0127363,1,801
LocalSearch,13579,./code/data/bupa,30,16,0.201235,0.146927,0.0359815,53426,829
RandomSearch,24680,./code/data/bupa,30,16,0.33448,0.248451,0.0569993,100000,2686
Greedy,24680,./code/data/bupa,30,16,0.270046,0.25134,0.0123936,1,841
LocalSearch,24680,./code/data/bupa,30,16,0.201697,0.148424,0.0352961,68373,1038
RandomSearch,98765,./code/data/bupa,30,16,0.332497,0.248967,0.055343,100000,2700
Greedy,98765,./code/data/bupa,30,16,0.262634,0.243411,0.0127363,1,705
LocalSearch,98765,./code/data/bupa,30,16,0.195931,0.14171,0.0359244,100000,1474
RandomSearch,43210,./code/data/bupa,30,16,0.333223,0.24909,0.0557428,100000,2640
Greedy,43210,./code/data/bupa,30,16,0.266553,0.245606,0.0138786,1,579
LocalSearch,43210,./code/data/bupa,30,16,0.19888,0.146038,0.0350106,69454,1056
RandomSearch,10293,./code/data/bupa,30,16,0.333416,0.245662,0.0581415,100000,2628
Greedy,10293,./code/data/bupa,30,16,0.270628,0.250198,0.0135359,1,553
LocalSearch,10293,./code/data/bupa,30,16,0.195415,0.136625,0.0389514,98667,1420
RandomSearch,84756,./code/data/bupa,30,16,0.333577,0.246685,0.0575704,100000,2592
Greedy,84756,./code/data/bupa,30,16,0.270397,0.249623,0.0137643,1,653
LocalSearch,84756,./code/data/bupa,30,16,0.197777,0.143556,0.0359244,97303,1680
RandomSearch,97531,./code/data/bupa,30,16,0.333035,0.244764,0.0584842,100000,3208
Greedy,97531,./code/data/bupa,30,16,0.268234,0.248925,0.0127934,1,655
LocalSearch,97531,./code/data/bupa,30,16,0.195397,0.137642,0.038266,74058,1090
RandomSearch,8642,./code/data/bupa,30,16,0.332726,0.246524,0.0571135,100000,2756
Greedy,8642,./code/data/bupa,30,16,0.267826,0.247224,0.0136501,1,617
LocalSearch,8642,./code/data/bupa,30,16,0.19997,0.145663,0.0359815,100000,1556
