generacion,empieza,min_distancia,max_distancia,comer_propia,max_comer,min_comer,ficha_casa,casilla_segura,recta_final,casilla_final,rebote,barrera,resultado,timestamp
1,11,86.83,0,0,-1.0,0.0,-17.5,10.0,41.58,20.0,0.0,0.0,Derrota,2025-06-08T16:43:54.255403
1,12,86.83,0,0,-1.0,0.0,-17.5,10.0,41.58,20.0,0.0,0.0,Derrota,2025-06-08T16:45:00.655665
2,11,70.0,0.0,17.0,-1.0,0.0,-17.5,10.0,15.0,20.0,0.0,0.0,Derrota,2025-06-08T16:45:15.696737
2,12,70.0,0.0,17.0,-1.0,0.0,-17.5,10.0,15.0,20.0,0.0,0.0,Victoria,2025-06-08T16:46:29.634352
3,11,58.89,0.0,17.0,0,0.0,-17.5,10.0,15.0,24.19,0.0,0.0,Victoria,2025-06-08T16:47:42.606122
3,12,58.89,0.0,17.0,0,0.0,-17.5,10.0,15.0,24.19,0.0,0.0,Victoria,2025-06-08T16:48:55.700263
4,11,58.89,0.0,15.34,0,-17.07,-12.62,0,0,24.19,0.0,0.0,Derrota,2025-06-08T16:50:09.974390
4,12,58.89,0.0,15.34,0,-17.07,-12.62,0,0,24.19,0.0,0.0,Derrota,2025-06-08T16:51:12.687023
5,11,83.53,0.0,17.0,0,-25.82,-17.5,10.0,0,24.19,0,0,Victoria,2025-06-08T16:52:33.621507
5,12,83.53,0.0,17.0,0,-25.82,-17.5,10.0,0,24.19,0,0,Derrota,2025-06-08T16:53:38.014833
6,11,61.46,0.0,17.0,0,0.0,-32.06,10.0,16.48,24.19,0.0,0.0,Victoria,2025-06-08T16:54:44.454230
6,12,61.46,0.0,17.0,0,0.0,-32.06,10.0,16.48,24.19,0.0,0.0,Derrota,2025-06-08T16:55:46.288247
7,11,49.91,0.0,17.0,0,0.0,-17.5,10.0,15.0,6.35,0.0,0.0,Derrota,2025-06-08T16:57:05.389177
7,12,49.91,0.0,17.0,0,0.0,-17.5,10.0,15.0,6.35,0.0,0.0,Derrota,2025-06-08T16:58:18.190830
8,11,58.89,0.0,22.13,0,0.0,-17.5,10.0,15.0,24.19,0.0,0.0,Victoria,2025-06-08T16:59:22.510582
8,12,58.89,0.0,22.13,0,0.0,-17.5,10.0,15.0,24.19,0.0,0.0,Derrota,2025-06-08T17:00:28.127093
9,11,58.89,0.54,17.0,15.9,0.0,-17.5,1.76,15.0,24.19,0.0,9.59,Derrota,2025-06-08T17:01:24.866172
9,12,58.89,0.54,17.0,15.9,0.0,-17.5,1.76,15.0,24.19,0.0,9.59,Derrota,2025-06-08T17:02:36.806356
10,11,60.12,12.83,17.0,11.79,0.0,-17.5,0,15.0,13.09,-8.24,0.0,Victoria,2025-06-08T17:03:26.013561
10,12,60.12,12.83,17.0,11.79,0.0,-17.5,0,15.0,13.09,-8.24,0.0,Derrota,2025-06-08T17:04:28.262736
11,11,58.89,0.0,17.0,0,0.0,-17.5,11.06,15.0,24.19,0,0.0,Victoria,2025-06-08T17:05:32.788356
11,12,58.89,0.0,17.0,0,0.0,-17.5,11.06,15.0,24.19,0,0.0,Derrota,2025-06-08T17:06:37.288830
12,11,59.24,0.0,17.0,0,0.0,-17.5,2.23,15.0,17.84,0.0,0.0,Derrota,2025-06-08T17:07:21.505051
12,12,59.24,0.0,17.0,0,0.0,-17.5,2.23,15.0,17.84,0.0,0.0,Derrota,2025-06-08T17:08:21.318682
13,11,58.89,0.0,22.02,0,-2.71,-17.5,10.0,15.0,27.36,0,0.0,Victoria,2025-06-08T17:09:26.511079
13,12,58.89,0.0,22.02,0,-2.71,-17.5,10.0,15.0,27.36,0,0.0,Derrota,2025-06-08T17:10:31.123880
14,11,58.89,1.81,15.51,0,0.0,-17.5,9.35,15.0,22.14,-0.93,0.0,Victoria,2025-06-08T17:12:04.409888
14,12,58.89,1.81,15.51,0,0.0,-17.5,9.35,15.0,22.14,-0.93,0.0,Derrota,2025-06-08T17:13:11.977250
15,11,58.89,0.0,17.0,0,0.0,-17.5,10.0,15.01,24.19,0.0,0.0,Victoria,2025-06-08T17:14:16.484595
15,12,58.89,0.0,17.0,0,0.0,-17.5,10.0,15.01,24.19,0.0,0.0,Derrota,2025-06-08T17:15:21.213233
16,11,58.89,0.0,17.0,0,2.46,-17.5,9.17,15.0,22.29,0.0,0.0,Derrota,2025-06-08T17:16:25.229961
16,12,58.89,0.0,17.0,0,2.46,-17.5,9.17,15.0,22.29,0.0,0.0,Derrota,2025-06-08T17:17:29.522057
17,11,58.89,0,17.0,0,2.26,-17.5,8.04,15.0,24.19,0.0,0.0,Derrota,2025-06-08T17:18:35.067426
17,12,58.89,0,17.0,0,2.26,-17.5,8.04,15.0,24.19,0.0,0.0,Derrota,2025-06-08T17:19:50.420713
18,11,58.89,0.0,16.15,0,1.23,-19.03,10.0,17.18,24.19,0.0,0.0,Victoria,2025-06-08T17:20:53.976286
18,12,58.89,0.0,16.15,0,1.23,-19.03,10.0,17.18,24.19,0.0,0.0,Derrota,2025-06-08T17:21:58.786521
19,11,58.89,1.76,14.54,0,1.43,-15.7,9.84,15.0,25.39,0.0,0.0,Derrota,2025-06-08T17:23:03.991353
19,12,58.89,1.76,14.54,0,1.43,-15.7,9.84,15.0,25.39,0.0,0.0,Derrota,2025-06-08T17:24:10.338545
20,11,58.89,0,17.0,0,-2.49,-17.5,10.93,15.0,24.19,-1.41,0,Victoria,2025-06-08T17:25:37.699975
20,12,58.89,0,17.0,0,-2.49,-17.5,10.93,15.0,24.19,-1.41,0,Derrota,2025-06-08T17:26:42.175983
21,11,60.21,0.0,17.0,0,2.13,-17.5,10.0,12.63,24.19,0,0.03,Victoria,2025-06-08T17:28:02.509286
21,12,60.21,0.0,17.0,0,2.13,-17.5,10.0,12.63,24.19,0,0.03,Derrota,2025-06-08T17:29:11.571725
22,11,61.38,0.0,17.0,0,0.0,-17.5,12.33,15.0,24.75,0.0,0.59,Victoria,2025-06-08T17:30:23.076737
22,12,61.38,0.0,17.0,0,0.0,-17.5,12.33,15.0,24.75,0.0,0.59,Victoria,2025-06-08T17:31:39.364583
23,11,90.06,0,3.77,0.24,0.0,-17.5,12.33,15.0,5.83,0.0,0,Victoria,2025-06-08T17:32:50.226763
23,12,90.06,0,3.77,0.24,0.0,-17.5,12.33,15.0,5.83,0.0,0,Derrota,2025-06-08T17:35:00.210837
24,11,61.38,0.0,17.0,14.89,0.66,-17.5,12.33,30.68,24.75,0.0,0.59,Derrota,2025-06-08T17:36:36.676358
24,12,61.38,0.0,17.0,14.89,0.66,-17.5,12.33,30.68,24.75,0.0,0.59,Derrota,2025-06-08T17:38:02.285781
25,11,61.38,0.0,12.28,6.87,0.0,-17.5,12.33,35.97,24.54,0.0,16.49,Derrota,2025-06-08T17:39:36.506010
25,12,61.38,0.0,12.28,6.87,0.0,-17.5,12.33,35.97,24.54,0.0,16.49,Derrota,2025-06-08T17:41:08.956882
26,11,78.03,0.0,17.0,0,0.0,-17.5,12.33,0,11.37,0.0,0.59,Victoria,2025-06-08T17:42:13.208687
26,12,78.03,0.0,17.0,0,0.0,-17.5,12.33,0,11.37,0.0,0.59,Victoria,2025-06-08T17:43:31.121059
27,11,78.03,0.0,0,0,-5.43,-17.5,39.43,0,11.37,0,0,Victoria,2025-06-08T17:44:50.773831
27,12,78.03,0.0,0,0,-5.43,-17.5,39.43,0,11.37,0,0,Derrota,2025-06-08T17:47:10.315372
28,11,78.03,0.0,17.0,0,7.24,-0.55,36.34,0,0,0.0,22.92,Victoria,2025-06-08T17:48:39.687640
28,12,78.03,0.0,17.0,0,7.24,-0.55,36.34,0,0,0.0,22.92,Victoria,2025-06-08T17:49:54.919403
29,11,78.03,0,17.0,24.0,19.0,-0.55,36.34,0,0,0.0,22.92,Victoria,2025-06-08T17:52:00.108104
29,12,78.03,0,17.0,24.0,19.0,-0.55,36.34,0,0,0.0,22.92,Victoria,2025-06-08T17:53:53.390885
30,11,58.0,0,17.0,15.03,19.0,0,24.84,0,0,0,22.92,Derrota,2025-06-08T17:56:35.434769
1,11,78.03,0.0,17.0,24.0,19.0,-8.1,36.34,0.0,16.73,0.0,22.92,Victoria,2025-06-08T18:01:36.053261
1,12,78.03,0.0,17.0,24.0,19.0,-8.1,36.34,0.0,16.73,0.0,22.92,Victoria,2025-06-08T18:03:30.360694
1,11,78.03,0,6.44,24.0,19.0,-19.15,36.34,0.0,16.73,0.0,22.92,Derrota,2025-06-08T18:25:12.716320
1,12,78.03,0,6.44,24.0,19.0,-19.15,36.34,0.0,16.73,0.0,22.92,Victoria,2025-06-08T18:27:32.774851
2,11,78.03,0.0,17.0,24.0,19.0,-8.1,31.4,0.0,16.73,-12.7,22.92,Derrota,2025-06-08T18:29:58.260122
2,12,78.03,0.0,17.0,24.0,19.0,-8.1,31.4,0.0,16.73,-12.7,22.92,Victoria,2025-06-08T18:31:54.291461
3,11,78.03,0.0,17.0,24.0,19.0,-8.1,36.34,23.05,0,0.0,22.92,Derrota,2025-06-08T18:36:05.293136
3,12,78.03,0.0,17.0,24.0,19.0,-8.1,36.34,23.05,0,0.0,22.92,Derrota,2025-06-08T18:38:48.175251
4,11,78.03,0.0,17.0,11.44,19.0,-8.1,36.34,0.0,16.73,0,22.92,Derrota,2025-06-08T18:40:58.692567
4,12,78.03,0.0,17.0,11.44,19.0,-8.1,36.34,0.0,16.73,0,22.92,Victoria,2025-06-08T18:43:19.080065
5,11,78.03,0.0,17.0,12.09,20.81,-8.1,36.34,0.0,1.82,0.0,22.92,Derrota,2025-06-08T18:46:01.977584
5,12,78.03,0.0,17.0,12.09,20.81,-8.1,36.34,0.0,1.82,0.0,22.92,Derrota,2025-06-08T18:48:52.230179
6,11,78.03,0.0,17.0,37.05,19.0,-8.1,36.34,0.0,16.73,0.0,17.42,Derrota,2025-06-08T18:50:59.059255
1,11,22.15,0,60.0,30.0,0.0,0.0,20.0,0.0,80.0,-10.5,25.0,Victoria,2025-06-08T18:57:19.922425
1,12,22.15,0,60.0,30.0,0.0,0.0,20.0,0.0,80.0,-10.5,25.0,Derrota,2025-06-08T18:58:24.197901
2,11,27.32,0.0,60.0,30.0,0.0,0.0,11.31,0.0,80.0,0.0,25.0,Derrota,2025-06-08T19:00:31.530919
2,12,27.32,0.0,60.0,30.0,0.0,0.0,11.31,0.0,80.0,0.0,25.0,Derrota,2025-06-08T19:01:52.389988
3,11,50.91,15.54,60.0,30.0,0.0,0.0,20.0,0.0,73.68,0,25.0,Derrota,2025-06-08T19:03:37.854988
3,12,50.91,15.54,60.0,30.0,0.0,0.0,20.0,0.0,73.68,0,25.0,Derrota,2025-06-08T19:04:51.510106
4,11,40.0,0.0,60.0,30.0,6.18,0.0,20.0,0.0,84.38,-4.15,25.0,Victoria,2025-06-08T19:06:23.745903
4,12,40.0,0.0,60.0,30.0,6.18,0.0,20.0,0.0,84.38,-4.15,25.0,Victoria,2025-06-08T19:07:48.317029
5,11,46.54,0.0,60.0,30.0,6.18,0.0,20.0,0.0,74.08,-4.15,25.0,Victoria,2025-06-08T19:09:07.262488
5,12,46.54,0.0,60.0,30.0,6.18,0.0,20.0,0.0,74.08,-4.15,25.0,Victoria,2025-06-08T19:10:30.696003
6,11,46.54,0.0,60.0,39.74,2.25,0.0,20.0,0.0,74.08,-4.15,17.54,Victoria,2025-06-08T19:12:17.077543
6,12,46.54,0.0,60.0,39.74,2.25,0.0,20.0,0.0,74.08,-4.15,17.54,Derrota,2025-06-08T19:13:35.177560
7,11,46.54,0,60.0,21.63,6.18,0.0,23.53,0.0,90.5,0,51.68,Victoria,2025-06-08T19:14:48.052554
7,12,46.54,0,60.0,21.63,6.18,0.0,23.53,0.0,90.5,0,51.68,Victoria,2025-06-08T19:16:25.600477
8,11,60.54,0,60.0,24.38,6.18,-4.91,11.9,0.0,90.5,0,51.68,Victoria,2025-06-08T19:17:39.098859
8,12,60.54,0,60.0,24.38,6.18,-4.91,11.9,0.0,90.5,0,51.68,Victoria,2025-06-08T19:19:17.317611
9,11,60.54,29.33,60.0,24.38,6.18,-19.57,11.9,10.17,70.83,0,46.84,Derrota,2025-06-08T19:21:11.942761
9,12,60.54,29.33,60.0,24.38,6.18,-19.57,11.9,10.17,70.83,0,46.84,Derrota,2025-06-08T19:22:48.567461
10,11,60.54,0,85.32,48.37,-20.44,-4.91,11.9,0.0,90.5,0,51.68,Victoria,2025-06-08T19:23:58.979459
10,12,60.54,0,85.32,48.37,-20.44,-4.91,11.9,0.0,90.5,0,51.68,Derrota,2025-06-08T19:25:05.825717
11,11,60.54,0,60.0,12.43,-15.4,-4.91,11.9,0.0,91.55,0,51.68,Victoria,2025-06-08T19:26:20.348097
11,12,60.54,0,60.0,12.43,-15.4,-4.91,11.9,0.0,91.55,0,51.68,Victoria,2025-06-08T19:27:10.260849
12,11,60.54,3.8,60.0,12.43,-15.4,0,11.9,0.0,91.55,0,65.82,Derrota,2025-06-08T19:28:13.521049
12,12,60.54,3.8,60.0,12.43,-15.4,0,11.9,0.0,91.55,0,65.82,Derrota,2025-06-08T19:29:30.653331
13,11,60.54,6.55,40.43,12.43,-15.4,-4.91,0,0.0,91.55,0,51.68,Derrota,2025-06-08T19:30:35.648288
13,12,60.54,6.55,40.43,12.43,-15.4,-4.91,0,0.0,91.55,0,51.68,Victoria,2025-06-08T19:31:30.759617
14,11,60.54,0,60.0,0,-33.92,-4.91,29.92,0.0,77.34,0,27.26,Derrota,2025-06-08T19:32:52.122821
1,11,60.54,0.0,60.0,0,-40.36,-4.91,11.9,0.0,91.55,0.0,51.68,Derrota,2025-06-08T19:44:55.490159
1,11,60.26,0.0,60.0,12.43,-15.4,-4.91,11.9,0.0,91.55,0.0,51.68,Derrota,2025-06-08T21:24:45.454225
1,12,60.54,0,60.0,12.43,-15.4,-4.91,11.9,0.0,100,0.0,51.68,Derrota,2025-06-08T21:27:00.312375
1,11,60.54,0,60.0,12.43,-15.4,-4.91,11.9,0.0,100,0.0,51.68,Derrota,2025-06-08T21:27:00.312472
2,12,60.54,0.0,60.0,12.43,-28.63,-4.91,11.9,0,91.55,0.0,51.68,Derrota,2025-06-08T21:27:54.278435
2,11,60.54,0.0,60.0,12.43,-28.63,-4.91,11.9,0,91.55,0.0,51.68,Derrota,2025-06-08T21:27:54.278534
3,12,60.54,0.0,60.0,12.43,-30.39,-4.91,0,0.0,91.55,-24.09,45.78,Derrota,2025-06-08T21:29:01.273059
3,11,60.54,0.0,60.0,12.43,-30.39,-4.91,0,0.0,91.55,-24.09,45.78,Derrota,2025-06-08T21:29:01.273193
4,12,60.54,0.0,60.0,12.43,14.88,-4.91,11.9,0.0,91.55,0,67.41,Derrota,2025-06-08T21:29:53.693019
4,11,60.54,0.0,60.0,12.43,14.88,-4.91,11.9,0.0,91.55,0,67.41,Derrota,2025-06-08T21:29:53.693426
5,12,78.25,0.0,62.58,12.43,-12.67,-4.91,11.9,20.49,91.55,-23.74,51.68,Victoria,2025-06-08T21:31:21.115931
5,12,78.25,0.0,62.58,12.43,-12.67,-4.91,11.9,20.49,91.55,-23.74,51.68,Derrota,2025-06-08T21:32:56.847339
5,11,78.25,0.0,62.58,12.43,-12.67,-4.91,11.9,20.49,91.55,-23.74,51.68,Victoria,2025-06-08T21:32:56.847443
6,12,63.91,0.0,80.36,12.43,-15.4,-4.91,11.9,0.0,91.55,0,51.68,Derrota,2025-06-08T21:34:05.993047
6,11,63.91,0.0,80.36,12.43,-15.4,-4.91,11.9,0.0,91.55,0,51.68,Derrota,2025-06-08T21:34:05.993126
7,12,60.54,8.62,60.0,12.43,-15.4,-4.91,15.78,0.0,98.76,0.0,51.68,Derrota,2025-06-08T21:35:18.210771
7,11,60.54,8.62,60.0,12.43,-15.4,-4.91,15.78,0.0,98.76,0.0,51.68,Derrota,2025-06-08T21:35:18.210847
8,12,60.54,0.0,60.0,12.43,-15.4,-4.91,11.9,0.0,100,0.0,63.88,Derrota,2025-06-08T21:36:15.452902
8,11,60.54,0.0,60.0,12.43,-15.4,-4.91,11.9,0.0,100,0.0,63.88,Derrota,2025-06-08T21:36:15.452973
9,12,60.54,6.31,60.0,12.43,-15.4,-4.91,12.46,0.0,94.66,0.0,51.68,Derrota,2025-06-08T21:37:30.631713
9,11,60.54,6.31,60.0,12.43,-15.4,-4.91,12.46,0.0,94.66,0.0,51.68,Derrota,2025-06-08T21:37:30.631794
10,12,57.6,0.35,60.0,12.43,-15.4,-4.91,11.9,0.0,93.72,0.0,51.68,Derrota,2025-06-08T21:38:34.057615
10,11,57.6,0.35,60.0,12.43,-15.4,-4.91,11.9,0.0,93.72,0.0,51.68,Derrota,2025-06-08T21:38:34.057719
11,12,58.33,1.86,61.08,12.43,-15.4,-4.91,11.9,0.0,91.55,0.0,51.68,Derrota,2025-06-08T21:39:44.644340
11,11,58.33,1.86,61.08,12.43,-15.4,-4.91,11.9,0.0,91.55,0.0,51.68,Derrota,2025-06-08T21:39:44.644450
1,5,68.48,0.0,45.51,47.06,-15.4,-4.91,27.77,0.0,91.55,-35.34,51.68,Derrota,2025-06-08T21:43:01.159634
1,4,68.48,0.0,45.51,47.06,-15.4,-4.91,27.77,0.0,91.55,-35.34,51.68,Derrota,2025-06-08T21:43:01.159718
2,5,60.54,28.85,60.0,12.43,-15.4,-4.91,11.9,0.0,91.55,0.0,55.52,Derrota,2025-06-08T21:44:06.977968
2,4,60.54,28.85,60.0,12.43,-15.4,-4.91,11.9,0.0,91.55,0.0,55.52,Derrota,2025-06-08T21:44:06.978088
3,5,60.54,0,51.9,0,-15.4,-10.49,28.38,0,91.55,0.0,51.68,Derrota,2025-06-08T21:46:16.595708
3,4,60.54,0,51.9,0,-15.4,-10.49,28.38,0,91.55,0.0,51.68,Derrota,2025-06-08T21:46:16.596097
4,5,90.73,0.0,60.0,12.43,-35.04,-4.91,11.9,0.0,91.55,0.0,51.68,Victoria,2025-06-08T21:47:42.872758
4,5,90.73,0.0,60.0,12.43,-35.04,-4.91,11.9,0.0,91.55,0.0,51.68,Derrota,2025-06-08T21:48:57.775557
4,4,90.73,0.0,60.0,12.43,-35.04,-4.91,11.9,0.0,91.55,0.0,51.68,Victoria,2025-06-08T21:48:57.775691
5,5,60.54,4.17,60.0,12.43,-15.4,0,26.39,0.0,91.55,0,51.79,Victoria,2025-06-08T21:50:04.046817
5,5,60.54,4.17,60.0,12.43,-15.4,0,26.39,0.0,91.55,0,51.79,Victoria,2025-06-08T21:51:37.076753
5,4,60.54,4.17,60.0,12.43,-15.4,0,26.39,0.0,91.55,0,51.79,Victoria,2025-06-08T21:51:37.076851
6,5,98.01,4.17,87.28,12.43,4.68,0,26.39,0.0,91.55,0,51.79,Derrota,2025-06-08T21:53:37.150544
6,4,98.01,4.17,87.28,12.43,4.68,0,26.39,0.0,91.55,0,51.79,Derrota,2025-06-08T21:53:37.150622
7,5,26.22,4.17,15.98,0,-50.57,0,26.39,0.0,74.0,0,84.62,Victoria,2025-06-08T21:55:29.570585
7,5,26.22,4.17,15.98,0,-50.57,0,26.39,0.0,74.0,0,84.62,Victoria,2025-06-08T21:56:28.081705
7,4,26.22,4.17,15.98,0,-50.57,0,26.39,0.0,74.0,0,84.62,Victoria,2025-06-08T21:56:28.081803
8,5,26.22,43.49,0,0,-50.57,0,26.39,0.0,72.86,-49.78,84.62,Derrota,2025-06-08T21:58:29.434766
8,4,26.22,43.49,0,0,-50.57,0,26.39,0.0,72.86,-49.78,84.62,Derrota,2025-06-08T21:58:29.434881
9,5,26.22,4.17,15.98,0,-25.26,-30.66,26.39,0.0,83.11,0,84.62,Victoria,2025-06-08T21:59:52.436208
9,5,26.22,4.17,15.98,0,-25.26,-30.66,26.39,0.0,83.11,0,84.62,Victoria,2025-06-08T22:01:36.411795
9,4,26.22,4.17,15.98,0,-25.26,-30.66,26.39,0.0,83.11,0,84.62,Victoria,2025-06-08T22:01:36.411910
10,5,26.22,18.05,15.98,0,-25.26,-30.66,26.39,0.0,53.92,-9.76,84.62,Victoria,2025-06-08T22:03:02.534573
10,5,26.22,18.05,15.98,0,-25.26,-30.66,26.39,0.0,53.92,-9.76,84.62,Victoria,2025-06-08T22:05:59.831621
10,4,26.22,18.05,15.98,0,-25.26,-30.66,26.39,0.0,53.92,-9.76,84.62,Victoria,2025-06-08T22:05:59.831706
11,5,26.22,18.05,64.36,0,-25.26,-30.66,26.39,0.0,53.92,-9.76,40.98,Derrota,2025-06-08T22:07:59.729327
11,4,26.22,18.05,64.36,0,-25.26,-30.66,26.39,0.0,53.92,-9.76,40.98,Derrota,2025-06-08T22:07:59.729446
12,5,3.18,18.05,15.98,0,14.39,-29.11,26.39,0.0,53.92,-9.76,84.62,Derrota,2025-06-08T22:11:15.834256
12,4,3.18,18.05,15.98,0,14.39,-29.11,26.39,0.0,53.92,-9.76,84.62,Derrota,2025-06-08T22:11:15.834417
13,5,26.22,18.05,0,0,-25.26,-30.66,26.39,0.0,53.92,-9.76,84.62,Derrota,2025-06-08T22:12:06.260091
13,4,26.22,18.05,0,0,-25.26,-30.66,26.39,0.0,53.92,-9.76,84.62,Derrota,2025-06-08T22:12:06.260186
14,5,21.68,18.05,15.98,1.34,-25.26,-51.6,26.39,0,53.92,-9.76,84.62,Victoria,2025-06-08T22:14:13.865028
14,5,21.68,18.05,15.98,1.34,-25.26,-51.6,26.39,0,53.92,-9.76,84.62,Victoria,2025-06-08T22:15:47.612871
14,4,21.68,18.05,15.98,1.34,-25.26,-51.6,26.39,0,53.92,-9.76,84.62,Victoria,2025-06-08T22:15:47.612965
15,5,21.68,0,0,1.34,-25.26,-80.95,26.39,15.97,53.92,-9.76,90.93,Derrota,2025-06-08T22:17:17.691351
15,4,21.68,0,0,1.34,-25.26,-80.95,26.39,15.97,53.92,-9.76,90.93,Derrota,2025-06-08T22:17:17.691460
16,5,21.68,18.05,50.12,1.34,-31.56,-10.52,26.39,0,53.92,-29.03,99.66,Victoria,2025-06-08T22:18:21.060759
16,5,21.68,18.05,50.12,1.34,-31.56,-10.52,26.39,0,53.92,-29.03,99.66,Derrota,2025-06-08T22:20:27.366052
16,4,21.68,18.05,50.12,1.34,-31.56,-10.52,26.39,0,53.92,-29.03,99.66,Victoria,2025-06-08T22:20:27.366142
17,5,21.68,18.05,15.98,1.34,-26.07,-17.75,0.01,0,53.92,-20.99,84.62,Derrota,2025-06-08T22:21:16.914313
17,4,21.68,18.05,15.98,1.34,-26.07,-17.75,0.01,0,53.92,-20.99,84.62,Derrota,2025-06-08T22:21:16.914426
18,5,15.1,18.05,15.98,0,-25.26,-76.15,26.39,0,53.92,-9.76,74.38,Victoria,2025-06-08T22:22:48.730562
18,5,15.1,18.05,15.98,0,-25.26,-76.15,26.39,0,53.92,-9.76,74.38,Victoria,2025-06-08T22:24:53.591678
18,4,15.1,18.05,15.98,0,-25.26,-76.15,26.39,0,53.92,-9.76,74.38,Victoria,2025-06-08T22:24:53.591776
19,5,15.1,18.05,15.98,0,-25.26,-76.15,26.39,0,53.92,-9.76,74.38,Derrota,2025-06-08T22:26:48.718184
19,4,15.1,18.05,15.98,0,-25.26,-76.15,26.39,0,53.92,-9.76,74.38,Derrota,2025-06-08T22:26:48.718291
20,5,46.42,46.31,15.98,19.72,-16.81,-93.31,26.39,0,83.44,-9.76,74.38,Victoria,2025-06-08T22:29:23.048338
20,5,46.42,46.31,15.98,19.72,-16.81,-93.31,26.39,0,83.44,-9.76,74.38,Victoria,2025-06-08T22:30:59.184887
20,4,46.42,46.31,15.98,19.72,-16.81,-93.31,26.39,0,83.44,-9.76,74.38,Victoria,2025-06-08T22:30:59.184974
21,5,29.63,46.31,15.98,40.57,-16.81,-100,70.9,0,83.44,0,74.38,Derrota,2025-06-08T22:33:55.162777
21,4,29.63,46.31,15.98,40.57,-16.81,-100,70.9,0,83.44,0,74.38,Derrota,2025-06-08T22:33:55.162862
22,5,46.42,46.31,15.98,19.72,-16.81,-100,26.39,0,83.44,0,74.38,Derrota,2025-06-08T22:35:15.498391
22,4,46.42,46.31,15.98,19.72,-16.81,-100,26.39,0,83.44,0,74.38,Derrota,2025-06-08T22:35:15.498506
23,5,46.42,46.31,15.98,19.72,-16.55,-93.31,26.39,0,83.44,-9.76,74.38,Victoria,2025-06-08T22:37:16.825229
23,5,46.42,46.31,15.98,19.72,-16.55,-93.31,26.39,0,83.44,-9.76,74.38,Derrota,2025-06-08T22:39:24.036143
23,4,46.42,46.31,15.98,19.72,-16.55,-93.31,26.39,0,83.44,-9.76,74.38,Victoria,2025-06-08T22:39:24.036246
24,5,46.42,46.31,15.98,19.72,-25.23,-93.31,26.39,0,83.44,-9.76,74.38,Victoria,2025-06-08T22:41:51.664945
24,5,46.42,46.31,15.98,19.72,-25.23,-93.31,26.39,0,83.44,-9.76,74.38,Derrota,2025-06-08T22:44:23.541561
24,4,46.42,46.31,15.98,19.72,-25.23,-93.31,26.39,0,83.44,-9.76,74.38,Victoria,2025-06-08T22:44:23.541667
25,5,46.42,19.4,15.98,19.72,-16.81,-93.31,11.76,0,83.44,-9.76,74.38,Derrota,2025-06-08T22:46:12.333222
25,4,46.42,19.4,15.98,19.72,-16.81,-93.31,11.76,0,83.44,-9.76,74.38,Derrota,2025-06-08T22:46:12.333328
26,5,46.42,46.31,0,19.72,-16.81,-93.31,26.39,18.99,83.44,-9.76,74.38,Victoria,2025-06-08T22:48:26.660972
26,5,46.42,46.31,0,19.72,-16.81,-93.31,26.39,18.99,83.44,-9.76,74.38,Derrota,2025-06-08T22:50:35.838304
26,4,46.42,46.31,0,19.72,-16.81,-93.31,26.39,18.99,83.44,-9.76,74.38,Victoria,2025-06-08T22:50:35.838417
27,5,46.42,46.31,15.98,19.72,-16.81,-93.31,26.39,0,83.44,0,68.39,Derrota,2025-06-08T22:51:51.367245
27,4,46.42,46.31,15.98,19.72,-16.81,-93.31,26.39,0,83.44,0,68.39,Derrota,2025-06-08T22:51:51.367332
28,5,57.76,46.31,20.71,19.72,-16.81,-93.31,26.39,0,78.53,-9.76,74.38,Derrota,2025-06-08T22:53:34.006835
28,4,57.76,46.31,20.71,19.72,-16.81,-93.31,26.39,0,78.53,-9.76,74.38,Derrota,2025-06-08T22:53:34.006929
29,5,41.98,46.31,15.98,13.98,-16.81,-93.31,26.39,0,83.44,-9.76,74.38,Derrota,2025-06-08T22:55:32.694351
29,4,41.98,46.31,15.98,13.98,-16.81,-93.31,26.39,0,83.44,-9.76,74.38,Derrota,2025-06-08T22:55:32.694459
30,5,46.42,46.31,14.64,19.72,-16.81,-93.31,26.39,2.63,83.44,-9.76,74.38,Victoria,2025-06-08T22:57:42.571845
30,5,46.42,46.31,14.64,19.72,-16.81,-93.31,26.39,2.63,83.44,-9.76,74.38,Derrota,2025-06-08T22:59:42.051968
30,4,46.42,46.31,14.64,19.72,-16.81,-93.31,26.39,2.63,83.44,-9.76,74.38,Victoria,2025-06-08T22:59:42.052116
31,5,46.25,46.31,16.06,19.72,-16.81,-95.41,26.39,0,83.44,-9.76,74.38,Victoria,2025-06-08T23:01:44.034478
31,5,46.25,46.31,16.06,19.72,-16.81,-95.41,26.39,0,83.44,-9.76,74.38,Derrota,2025-06-08T23:03:56.921462
31,4,46.25,46.31,16.06,19.72,-16.81,-95.41,26.39,0,83.44,-9.76,74.38,Victoria,2025-06-08T23:03:56.921555
32,5,48.26,46.31,15.98,17.38,-16.81,-93.31,25.52,0,84.47,-9.76,74.38,Derrota,2025-06-08T23:05:53.555090
32,4,48.26,46.31,15.98,17.38,-16.81,-93.31,25.52,0,84.47,-9.76,74.38,Derrota,2025-06-08T23:05:53.555181
33,5,46.72,46.31,14.46,19.72,-16.81,-93.31,26.39,0,83.49,-9.76,74.38,Victoria,2025-06-08T23:07:39.367443
33,5,46.72,46.31,14.46,19.72,-16.81,-93.31,26.39,0,83.49,-9.76,74.38,Derrota,2025-06-08T23:09:24.772154
33,4,46.72,46.31,14.46,19.72,-16.81,-93.31,26.39,0,83.49,-9.76,74.38,Victoria,2025-06-08T23:09:24.772239
34,5,46.18,48.53,14.76,19.72,-15.15,-93.31,26.39,0,81.77,-9.76,76.71,Victoria,2025-06-08T23:11:20.615088
34,5,46.18,48.53,14.76,19.72,-15.15,-93.31,26.39,0,81.77,-9.76,76.71,Derrota,2025-06-08T23:12:39.468278
34,4,46.18,48.53,14.76,19.72,-15.15,-93.31,26.39,0,81.77,-9.76,76.71,Victoria,2025-06-08T23:12:39.468369
35,5,46.42,46.31,15.98,19.72,-16.19,-92.98,26.39,0,83.44,-9.76,74.38,Victoria,2025-06-08T23:14:25.908745
35,5,46.42,46.31,15.98,19.72,-16.19,-92.98,26.39,0,83.44,-9.76,74.38,Derrota,2025-06-08T23:16:12.931846
35,4,46.42,46.31,15.98,19.72,-16.19,-92.98,26.39,0,83.44,-9.76,74.38,Victoria,2025-06-08T23:16:12.931939
36,5,48.47,44.6,15.98,18.81,-16.81,-93.31,26.39,0,83.44,-9.76,74.38,Victoria,2025-06-08T23:18:06.818357
36,5,48.47,44.6,15.98,18.81,-16.81,-93.31,26.39,0,83.44,-9.76,74.38,Victoria,2025-06-08T23:19:44.671719
36,4,48.47,44.6,15.98,18.81,-16.81,-93.31,26.39,0,83.44,-9.76,74.38,Victoria,2025-06-08T23:19:44.671815
37,5,48.47,33.31,15.98,5.66,-16.81,-93.31,6.71,39.0,83.44,-9.76,50.9,Derrota,2025-06-08T23:21:30.214180
37,4,48.47,33.31,15.98,5.66,-16.81,-93.31,6.71,39.0,83.44,-9.76,50.9,Derrota,2025-06-08T23:21:30.214276
38,5,89.0,44.6,15.98,18.81,-16.81,-93.31,26.39,18.33,85.24,-9.76,74.38,Derrota,2025-06-08T23:23:25.229320
38,4,89.0,44.6,15.98,18.81,-16.81,-93.31,26.39,18.33,85.24,-9.76,74.38,Derrota,2025-06-08T23:23:25.229439
39,5,48.47,44.6,0,41.52,-16.81,-94.86,59.11,0,83.44,-9.76,74.38,Victoria,2025-06-08T23:25:04.615027
39,5,48.47,44.6,0,41.52,-16.81,-94.86,59.11,0,83.44,-9.76,74.38,Derrota,2025-06-08T23:26:57.417193
39,4,48.47,44.6,0,41.52,-16.81,-94.86,59.11,0,83.44,-9.76,74.38,Victoria,2025-06-08T23:26:57.417293
40,5,48.47,76.81,15.98,18.81,-16.81,-93.31,1.56,31.82,83.44,-9.76,74.38,Derrota,2025-06-08T23:29:40.433679
40,4,48.47,76.81,15.98,18.81,-16.81,-93.31,1.56,31.82,83.44,-9.76,74.38,Derrota,2025-06-08T23:29:40.433777
41,5,74.12,43.79,15.98,18.81,-16.81,-93.31,26.39,0,83.44,-9.76,65.94,Derrota,2025-06-08T23:31:41.544697
41,4,74.12,43.79,15.98,18.81,-16.81,-93.31,26.39,0,83.44,-9.76,65.94,Derrota,2025-06-08T23:31:41.544850
42,5,26.86,22.68,15.98,18.81,-16.81,-93.31,10.8,0,64.63,-9.76,81.33,Derrota,2025-06-08T23:33:56.276897
42,4,26.86,22.68,15.98,18.81,-16.81,-93.31,10.8,0,64.63,-9.76,81.33,Derrota,2025-06-08T23:33:56.276977
43,5,48.47,44.6,15.98,18.81,-16.81,-93.31,44.08,0,100,-9.76,74.38,Victoria,2025-06-08T23:35:24.433897
43,5,48.47,44.6,15.98,18.81,-16.81,-93.31,44.08,0,100,-9.76,74.38,Victoria,2025-06-08T23:36:54.569143
43,4,48.47,44.6,15.98,18.81,-16.81,-93.31,44.08,0,100,-9.76,74.38,Victoria,2025-06-08T23:36:54.569243
44,5,48.47,44.16,22.37,18.81,-27.46,-93.31,44.08,0,100,-9.76,81.52,Derrota,2025-06-08T23:38:21.736968
44,4,48.47,44.16,22.37,18.81,-27.46,-93.31,44.08,0,100,-9.76,81.52,Derrota,2025-06-08T23:38:21.737057
45,5,91.95,44.6,15.98,52.51,-4.74,-93.31,44.08,0,100,-9.76,74.38,Derrota,2025-06-08T23:39:58.531523
45,4,91.95,44.6,15.98,52.51,-4.74,-93.31,44.08,0,100,-9.76,74.38,Derrota,2025-06-08T23:39:58.531604
46,5,48.47,44.6,15.98,58.1,-19.01,-93.31,44.08,0,100,-9.76,74.38,Derrota,2025-06-08T23:41:25.476987
46,4,48.47,44.6,15.98,58.1,-19.01,-93.31,44.08,0,100,-9.76,74.38,Derrota,2025-06-08T23:41:25.477087
47,5,48.47,72.55,15.98,18.81,-34.61,-93.31,44.08,0,100,-34.89,74.38,Derrota,2025-06-08T23:43:31.008133
47,4,48.47,72.55,15.98,18.81,-34.61,-93.31,44.08,0,100,-34.89,74.38,Derrota,2025-06-08T23:43:31.008235
48,5,69.79,44.6,15.98,18.81,-16.81,-93.31,44.08,0,100,-26.31,74.38,Derrota,2025-06-08T23:45:06.510504
48,4,69.79,44.6,15.98,18.81,-16.81,-93.31,44.08,0,100,-26.31,74.38,Derrota,2025-06-08T23:45:06.510587
49,5,56.93,44.6,15.98,18.81,-9.18,-93.31,44.08,0,100,-9.76,98.44,Victoria,2025-06-08T23:46:41.947787
49,5,56.93,44.6,15.98,18.81,-9.18,-93.31,44.08,0,100,-9.76,98.44,Victoria,2025-06-08T23:48:24.096966
49,4,56.93,44.6,15.98,18.81,-9.18,-93.31,44.08,0,100,-9.76,98.44,Victoria,2025-06-08T23:48:24.097055
