<?xml version="1.0" encoding="UTF-8"?>
<project-private xmlns="http://www.netbeans.org/ns/project-private/1">
    <editor-bookmarks xmlns="http://www.netbeans.org/ns/editor-bookmarks/2" lastBookmarkId="0"/>
    <open-files xmlns="http://www.netbeans.org/ns/projectui-open-files/2">
        <group>
            <file>file:/home/jesusmuve/Escritorio/DDSI-Seminario1/src/UI/GraphicUI.java</file>
            <file>file:/home/jesusmuve/Escritorio/DDSI-Seminario1/src/app/OrdersManager.java</file>
            <file>file:/home/jesusmuve/Escritorio/DDSI-Seminario1/src/app/ShowDBManager.java</file>
            <file>file:/home/jesusmuve/Escritorio/DDSI-Seminario1/src/app/Initializer.java</file>
            <file>file:/home/jesusmuve/Escritorio/DDSI-Seminario1/src/bd/Conexion.java</file>
        </group>
    </open-files>
</project-private>
